{
    "nested importance sampling global log-evidence": 5454.316567666826, 
    "global evidence": 5454.316567666826, 
    "modes": [
        {
            "index": 0, 
            "local log-evidence": 5454.316567666826, 
            "strictly local log-evidence": 5454.316567666826, 
            "local log-evidence error": 0.11344825434221949, 
            "maximum": [
                6.8927172400891836e-09, 
                54.74402774408369, 
                2.8451851440204745, 
                -4.805879182454024
            ], 
            "maximum a posterior": [
                6.8927172400891836e-09, 
                54.74402774408369, 
                2.8451851440204745, 
                -4.805879182454024
            ], 
            "sigma": [
                9.688428142980768e-10, 
                4.510918905019676, 
                0.9946094521427803, 
                1.2977770109144626
            ], 
            "strictly local log-evidence error": 0.11344825434221949, 
            "mean": [
                6.189262152988144e-09, 
                53.565849425210224, 
                2.864057603583486, 
                -3.0630327740750545
            ]
        }
    ], 
    "nested importance sampling global log-evidence error": 0.11344825434221949, 
    "nested sampling global log-evidence": 5454.03438218587, 
    "marginals": [
        {
            "5sigma": [
                7.219848283919932e-10, 
                1.2061578483320767e-08
            ], 
            "3sigma": [
                2.5156144983523587e-09, 
                8.95704395519731e-09
            ], 
            "median": 6.190252395551347e-09, 
            "q90%": 8.381615181481615e-09, 
            "q10%": 4.954801342841914e-09, 
            "q25%": 5.5589423079260224e-09, 
            "q01%": 3.877318302807279e-09, 
            "q75%": 6.858408162218254e-09, 
            "1sigma": [
                5.2341463729847314e-09, 
                7.156839324995837e-09
            ], 
            "2sigma": [
                4.276627783124952e-09, 
                8.034215888767707e-09
            ], 
            "q99%": 8.381615181481615e-09, 
            "sigma": 9.61346476005553e-10
        }, 
        {
            "5sigma": [
                20.048139613970733, 
                99.96147139286278
            ], 
            "3sigma": [
                27.672598040263026, 
                93.66903510831246
            ], 
            "median": 53.40453163506108, 
            "q90%": 66.58373477660913, 
            "q10%": 49.53257802646413, 
            "q25%": 51.581006595715884, 
            "q01%": 43.323766178188244, 
            "q75%": 55.24064171767489, 
            "1sigma": [
                50.59306864796735, 
                56.113740890521825
            ], 
            "2sigma": [
                46.357017259197846, 
                61.13990624412752
            ], 
            "q99%": 66.58373477660913, 
            "sigma": 2.7603361212772377
        }, 
        {
            "5sigma": [
                -4.730473485263964, 
                4.999804233842646
            ], 
            "3sigma": [
                0.04114105749737199, 
                4.991715535511656
            ], 
            "median": 2.843303890899071, 
            "q90%": 4.888658422983437, 
            "q10%": 1.5998219750581855, 
            "q25%": 2.142934006175945, 
            "q01%": 0.6842195017015177, 
            "q75%": 3.591645240309965, 
            "1sigma": [
                1.8373052662349458, 
                3.942762998130222
            ], 
            "2sigma": [
                1.0115920732902273, 
                4.739000220496374
            ], 
            "q99%": 4.888658422983437, 
            "sigma": 1.0527288659476381
        }, 
        {
            "5sigma": [
                -4.999673474920334, 
                4.949638377752469
            ], 
            "3sigma": [
                -4.993580348985331, 
                2.110813439779711
            ], 
            "median": -3.2176766941632775, 
            "q90%": 0.1898213142021524, 
            "q10%": -4.6624081204898395, 
            "q25%": -4.12013918825432, 
            "q01%": -4.961625326181349, 
            "q75%": -2.1982690116024037, 
            "1sigma": [
                -4.445621129173752, 
                -1.6707560001708295
            ], 
            "2sigma": [
                -4.914925425571784, 
                -0.3097493699227305
            ], 
            "q99%": 0.1898213142021524, 
            "sigma": 1.3874325645014611
        }
    ], 
    "global evidence error": 0.11344825434221949, 
    "nested sampling global log-evidence error": 0.06042749950505568
}