{
    "nested importance sampling global log-evidence": 188.57789815269803, 
    "global evidence": 188.57789815269803, 
    "modes": [
        {
            "index": 0, 
            "local log-evidence": 188.57789815269803, 
            "strictly local log-evidence": 188.57789815269803, 
            "local log-evidence error": 0.14804232733323358, 
            "maximum": [
                1.0053341651919414, 
                0.009971625461590524, 
                0.00923422357833845, 
                0.006598792500872356
            ], 
            "maximum a posterior": [
                1.0048772117865088, 
                0.009912070072652976, 
                0.00800635261916723, 
                0.004436687851529495
            ], 
            "sigma": [
                0.0025015969115889675, 
                7.172855278355229e-05, 
                0.001023669809596224, 
                0.0026142524171712265
            ], 
            "strictly local log-evidence error": 0.14804232733323358, 
            "mean": [
                1.0054928390826015, 
                0.009902186991876727, 
                0.008154961920154382, 
                0.005920835327636361
            ]
        }
    ], 
    "nested importance sampling global log-evidence error": 0.14804232733323358, 
    "nested sampling global log-evidence": 189.08318928967293, 
    "marginals": [
        {
            "5sigma": [
                1.000004348520906, 
                1.0099593950085224
            ], 
            "3sigma": [
                1.0000612323826918, 
                1.0099497228772218
            ], 
            "median": 1.0055234376517548, 
            "q90%": 1.0099108809306903, 
            "q10%": 1.0021122256376633, 
            "q25%": 1.0036580230549814, 
            "q01%": 1.0004399200491139, 
            "q75%": 1.0075074461875388, 
            "1sigma": [
                1.002814330310835, 
                1.0084781736436064
            ], 
            "2sigma": [
                1.0008214833943003, 
                1.0097206826075948
            ], 
            "q99%": 1.0099108809306903, 
            "sigma": 0.002831921666385684
        }, 
        {
            "5sigma": [
                0.009372831155220166, 
                0.009999357475036257
            ], 
            "3sigma": [
                0.009603667036471898, 
                0.009999178810430075
            ], 
            "median": 0.00991164047036742, 
            "q90%": 0.009998256681715228, 
            "q10%": 0.009815292405911093, 
            "q25%": 0.00986462396117022, 
            "q01%": 0.00966901031332765, 
            "q75%": 0.009960592233069747, 
            "1sigma": [
                0.009839139801725457, 
                0.009975258898133816
            ], 
            "2sigma": [
                0.009720777226511967, 
                0.009995703553366953
            ], 
            "q99%": 0.009998256681715228, 
            "sigma": 6.805954820417962e-05
        }, 
        {
            "5sigma": [
                0.0034417778035704615, 
                0.009938080195802161
            ], 
            "3sigma": [
                0.004681188305358737, 
                0.009934011293003815
            ], 
            "median": 0.008310501330970799, 
            "q90%": 0.009800849780649025, 
            "q10%": 0.006574532544840283, 
            "q25%": 0.007477845875132925, 
            "q01%": 0.005496557046419133, 
            "q75%": 0.008964909295982527, 
            "1sigma": [
                0.007141649226447249, 
                0.009168029869166655
            ], 
            "2sigma": [
                0.005961911470262634, 
                0.009716867739167178
            ], 
            "q99%": 0.009800849780649025, 
            "sigma": 0.001013190321359703
        }, 
        {
            "5sigma": [
                2.96820813840289e-06, 
                0.009977198731517993
            ], 
            "3sigma": [
                2.0072503385368423e-05, 
                0.009970563139761694
            ], 
            "median": 0.006169976316235435, 
            "q90%": 0.009948808251860787, 
            "q10%": 0.002193526593715498, 
            "q25%": 0.003747678841258632, 
            "q01%": 0.0003079183616840706, 
            "q75%": 0.008165987155835943, 
            "1sigma": [
                0.002913312903781009, 
                0.008865928094368798
            ], 
            "2sigma": [
                0.0008488975959511927, 
                0.009803390776119596
            ], 
            "q99%": 0.009948808251860787, 
            "sigma": 0.002976307595293894
        }
    ], 
    "global evidence error": 0.14804232733323358, 
    "nested sampling global log-evidence error": 0.2203728744136493
}